﻿<?xml version="1.0"?>
<?mso-application progid="Excel.Sheet"?>
<Workbook xmlns="urn:schemas-microsoft-com:office:spreadsheet"
 xmlns:o="urn:schemas-microsoft-com:office:office"
 xmlns:x="urn:schemas-microsoft-com:office:excel"
 xmlns:ss="urn:schemas-microsoft-com:office:spreadsheet"
 xmlns:html="http://www.w3.org/TR/REC-html40">
 <DocumentProperties xmlns="urn:schemas-microsoft-com:office:office">
  <Author>Andreas Wilborg</Author>
  <LastAuthor>Andreas Wilborg</LastAuthor>
  <Created>2022-04-07T12:01:32Z</Created>
  <Version>16.00</Version>
 </DocumentProperties>
 <OfficeDocumentSettings xmlns="urn:schemas-microsoft-com:office:office">
  <AllowPNG/>
 </OfficeDocumentSettings>
 <ExcelWorkbook xmlns="urn:schemas-microsoft-com:office:excel">
  <WindowHeight>7220</WindowHeight>
  <WindowWidth>15200</WindowWidth>
  <WindowTopX>32767</WindowTopX>
  <WindowTopY>32767</WindowTopY>
  <ProtectStructure>False</ProtectStructure>
  <ProtectWindows>False</ProtectWindows>
 </ExcelWorkbook>
 <Styles>
  <Style ss:ID="Default" ss:Name="Normal">
   <Alignment ss:Vertical="Bottom"/>
   <Borders/>
   <Font ss:FontName="Arial"/>
   <Interior/>
   <NumberFormat/>
   <Protection/>
  </Style>
  <Style ss:ID="s63">
   <Font ss:FontName="Arial" x:Family="Swiss" ss:Size="12" ss:Bold="1"/>
  </Style>
  <Style ss:ID="s64">
   <Font ss:FontName="Arial" x:Family="Swiss" ss:Size="11" ss:Color="#333399"
    ss:Bold="1"/>
  </Style>
  <Style ss:ID="s65">
   <Alignment ss:Horizontal="Left" ss:Vertical="Bottom" ss:WrapText="1"/>
   <Font ss:FontName="Verdana" x:Family="Swiss" ss:Size="8" ss:Bold="1"/>
   <Interior ss:Color="#C0C0C0" ss:Pattern="Solid"/>
  </Style>
  <Style ss:ID="s66">
   <Alignment ss:Horizontal="Left" ss:Vertical="Bottom"/>
   <Font ss:FontName="Verdana" x:Family="Swiss"/>
  </Style>
  <Style ss:ID="s67">
   <Alignment ss:Horizontal="Left" ss:Vertical="Bottom"/>
   <Font ss:FontName="Verdana" x:Family="Swiss"/>
   <NumberFormat ss:Format="General Date"/>
  </Style>
  <Style ss:ID="s68">
   <Alignment ss:Horizontal="Left" ss:Vertical="Bottom"/>
   <Font ss:FontName="Verdana" x:Family="Swiss"/>
   <NumberFormat ss:Format="Short Date"/>
  </Style>
 </Styles>
 <Worksheet ss:Name="General">
  <Table ss:ExpandedColumnCount="4" ss:ExpandedRowCount="31" x:FullColumns="1"
   x:FullRows="1" ss:DefaultRowHeight="12.5">
   <Column ss:AutoFitWidth="0" ss:Width="124" ss:Span="1"/>
   <Column ss:Index="3" ss:AutoFitWidth="0" ss:Width="112"/>
   <Column ss:AutoFitWidth="0" ss:Width="98.5"/>
   <Row ss:Height="15.5">
    <Cell ss:StyleID="s63"><Data ss:Type="String">View - Employee Card - MR ∙ Morten ∙ Rasmussen</Data></Cell>
   </Row>
   <Row ss:Height="14">
    <Cell ss:StyleID="s64"><Data ss:Type="String">General</Data></Cell>
   </Row>
   <Row ss:Height="13.5">
    <Cell ss:StyleID="s65"><Data ss:Type="String">No.</Data></Cell>
    <Cell ss:StyleID="s66"><Data ss:Type="String">MR</Data></Cell>
   </Row>
   <Row ss:Height="13.5">
    <Cell ss:StyleID="s65"/>
    <Cell ss:StyleID="s66"/>
   </Row>
   <Row ss:Height="13.5">
    <Cell ss:StyleID="s65"><Data ss:Type="String">Job Title</Data></Cell>
    <Cell ss:StyleID="s66"><Data ss:Type="String">Produktionsleder</Data></Cell>
   </Row>
   <Row ss:Height="13.5">
    <Cell ss:StyleID="s65"/>
    <Cell ss:StyleID="s66"/>
   </Row>
   <Row ss:Height="13.5">
    <Cell ss:StyleID="s65"><Data ss:Type="String">First Name</Data></Cell>
    <Cell ss:StyleID="s66"><Data ss:Type="String">Morten</Data></Cell>
   </Row>
   <Row ss:Height="13.5">
    <Cell ss:StyleID="s65"/>
    <Cell ss:StyleID="s66"/>
   </Row>
   <Row ss:Height="13.5">
    <Cell ss:StyleID="s65"><Data ss:Type="String">Last Name</Data></Cell>
    <Cell ss:StyleID="s66"><Data ss:Type="String">Rasmussen</Data></Cell>
   </Row>
   <Row ss:Height="13.5">
    <Cell ss:StyleID="s65"/>
    <Cell ss:StyleID="s66"/>
   </Row>
   <Row ss:Height="13.5">
    <Cell ss:StyleID="s65"><Data ss:Type="String">Middle Name/Initials</Data></Cell>
    <Cell ss:StyleID="s66"><Data ss:Type="String"></Data></Cell>
   </Row>
   <Row ss:Height="13.5">
    <Cell ss:StyleID="s65"/>
    <Cell ss:StyleID="s66"/>
   </Row>
   <Row ss:Height="13.5">
    <Cell ss:StyleID="s65"><Data ss:Type="String">Initials</Data></Cell>
    <Cell ss:StyleID="s66"><Data ss:Type="String">MRASMUSSEN</Data></Cell>
   </Row>
   <Row ss:Height="13.5">
    <Cell ss:StyleID="s65"/>
    <Cell ss:StyleID="s66"/>
   </Row>
   <Row ss:Height="13.5">
    <Cell ss:StyleID="s65"><Data ss:Type="String">Address</Data></Cell>
    <Cell ss:StyleID="s66"><Data ss:Type="String">Navergade 7</Data></Cell>
   </Row>
   <Row ss:Height="13.5">
    <Cell ss:StyleID="s65"/>
    <Cell ss:StyleID="s66"/>
   </Row>
   <Row ss:Height="13.5">
    <Cell ss:StyleID="s65"><Data ss:Type="String">Address 2</Data></Cell>
    <Cell ss:StyleID="s66"><Data ss:Type="String"></Data></Cell>
   </Row>
   <Row ss:Height="13.5">
    <Cell ss:StyleID="s65"/>
    <Cell ss:StyleID="s66"/>
   </Row>
   <Row ss:Height="13.5">
    <Cell ss:StyleID="s65"><Data ss:Type="String">Post Code</Data></Cell>
    <Cell ss:StyleID="s66"><Data ss:Type="String">2600</Data></Cell>
   </Row>
   <Row ss:Height="13.5">
    <Cell ss:StyleID="s65"/>
    <Cell ss:StyleID="s66"/>
   </Row>
   <Row ss:Height="13.5">
    <Cell ss:StyleID="s65"><Data ss:Type="String">City</Data></Cell>
    <Cell ss:StyleID="s66"><Data ss:Type="String">Glostrup</Data></Cell>
   </Row>
   <Row ss:Height="13.5">
    <Cell ss:StyleID="s65"/>
    <Cell ss:StyleID="s66"/>
   </Row>
   <Row ss:Height="13.5">
    <Cell ss:StyleID="s65"><Data ss:Type="String">Country/Region Code</Data></Cell>
    <Cell ss:StyleID="s66"><Data ss:Type="String"></Data></Cell>
   </Row>
   <Row ss:Height="13.5">
    <Cell ss:StyleID="s65"/>
    <Cell ss:StyleID="s66"/>
   </Row>
   <Row ss:Height="13.5">
    <Cell ss:StyleID="s65"><Data ss:Type="String">Phone No.</Data></Cell>
    <Cell ss:StyleID="s66"><Data ss:Type="String">0678-2534-2013</Data></Cell>
   </Row>
   <Row ss:Height="13.5">
    <Cell ss:StyleID="s65"/>
    <Cell ss:StyleID="s66"/>
   </Row>
   <Row ss:Height="13.5">
    <Cell ss:StyleID="s65"><Data ss:Type="String">Search Name</Data></Cell>
    <Cell ss:StyleID="s66"><Data ss:Type="String">MRASMUSSEN</Data></Cell>
   </Row>
   <Row ss:Height="13.5">
    <Cell ss:StyleID="s65"/>
    <Cell ss:StyleID="s66"/>
   </Row>
   <Row ss:Height="13.5">
    <Cell ss:StyleID="s65"><Data ss:Type="String">Gender</Data></Cell>
    <Cell ss:StyleID="s66"><Data ss:Type="String">Male</Data></Cell>
   </Row>
   <Row ss:Height="13.5">
    <Cell ss:StyleID="s65"/>
    <Cell ss:StyleID="s66"/>
   </Row>
   <Row ss:Height="13.5">
    <Cell ss:StyleID="s65"><Data ss:Type="String">Last Date Modified</Data></Cell>
    <Cell ss:StyleID="s67"/>
   </Row>
  </Table>
  <WorksheetOptions xmlns="urn:schemas-microsoft-com:office:excel">
   <Selected/>
   <Panes>
    <Pane>
     <Number>3</Number>
     <ActiveRow>6</ActiveRow>
     <ActiveCol>1</ActiveCol>
    </Pane>
   </Panes>
   <ProtectObjects>False</ProtectObjects>
   <ProtectScenarios>False</ProtectScenarios>
  </WorksheetOptions>
 </Worksheet>
 <Worksheet ss:Name="Communication">
  <Table ss:ExpandedColumnCount="4" ss:ExpandedRowCount="19" x:FullColumns="1"
   x:FullRows="1" ss:DefaultRowHeight="12.5">
   <Column ss:AutoFitWidth="0" ss:Width="124" ss:Span="1"/>
   <Column ss:Index="3" ss:AutoFitWidth="0" ss:Width="112"/>
   <Column ss:AutoFitWidth="0" ss:Width="98.5"/>
   <Row ss:Height="15.5">
    <Cell ss:StyleID="s63"><Data ss:Type="String">View - Employee Card - MR ∙ Morten ∙ Rasmussen</Data></Cell>
   </Row>
   <Row ss:Height="14">
    <Cell ss:StyleID="s64"><Data ss:Type="String">Communication</Data></Cell>
   </Row>
   <Row ss:Height="13.5">
    <Cell ss:StyleID="s65"><Data ss:Type="String">Extension</Data></Cell>
    <Cell ss:StyleID="s66"><Data ss:Type="String">6571</Data></Cell>
   </Row>
   <Row ss:Height="13.5">
    <Cell ss:StyleID="s65"/>
    <Cell ss:StyleID="s66"/>
   </Row>
   <Row ss:Height="13.5">
    <Cell ss:StyleID="s65"><Data ss:Type="String">Mobile Phone No.</Data></Cell>
    <Cell ss:StyleID="s66"><Data ss:Type="String">1234-1643-4384</Data></Cell>
   </Row>
   <Row ss:Height="13.5">
    <Cell ss:StyleID="s65"/>
    <Cell ss:StyleID="s66"/>
   </Row>
   <Row ss:Height="13.5">
    <Cell ss:StyleID="s65"><Data ss:Type="String">Pager</Data></Cell>
    <Cell ss:StyleID="s66"><Data ss:Type="String"></Data></Cell>
   </Row>
   <Row ss:Height="13.5">
    <Cell ss:StyleID="s65"/>
    <Cell ss:StyleID="s66"/>
   </Row>
   <Row ss:Height="13.5">
    <Cell ss:StyleID="s65"><Data ss:Type="String">Phone No.</Data></Cell>
    <Cell ss:StyleID="s66"><Data ss:Type="String">0678-2534-2013</Data></Cell>
   </Row>
   <Row ss:Height="13.5">
    <Cell ss:StyleID="s65"/>
    <Cell ss:StyleID="s66"/>
   </Row>
   <Row ss:Height="13.5">
    <Cell ss:StyleID="s65"><Data ss:Type="String">Email</Data></Cell>
    <Cell ss:StyleID="s66"><Data ss:Type="String">mr@cronus-demosite.com</Data></Cell>
   </Row>
   <Row ss:Height="13.5">
    <Cell ss:StyleID="s65"/>
    <Cell ss:StyleID="s66"/>
   </Row>
   <Row ss:Height="13.5">
    <Cell ss:StyleID="s65"><Data ss:Type="String">Company Email</Data></Cell>
    <Cell ss:StyleID="s66"><Data ss:Type="String"></Data></Cell>
   </Row>
   <Row ss:Height="13.5">
    <Cell ss:StyleID="s65"/>
    <Cell ss:StyleID="s66"/>
   </Row>
   <Row ss:Height="13.5">
    <Cell ss:StyleID="s65"><Data ss:Type="String">Alt. Address Code</Data></Cell>
    <Cell ss:StyleID="s66"><Data ss:Type="String"></Data></Cell>
   </Row>
   <Row ss:Height="13.5">
    <Cell ss:StyleID="s65"/>
    <Cell ss:StyleID="s66"/>
   </Row>
   <Row ss:Height="13.5">
    <Cell ss:StyleID="s65"><Data ss:Type="String">Alt. Address Start Date</Data></Cell>
    <Cell ss:StyleID="s67"/>
   </Row>
   <Row ss:Height="13.5">
    <Cell ss:StyleID="s65"/>
    <Cell ss:StyleID="s66"/>
   </Row>
   <Row ss:Height="13.5">
    <Cell ss:StyleID="s65"><Data ss:Type="String">Alt. Address End Date</Data></Cell>
    <Cell ss:StyleID="s67"/>
   </Row>
  </Table>
  <WorksheetOptions xmlns="urn:schemas-microsoft-com:office:excel">
   <Panes>
    <Pane>
     <Number>3</Number>
     <ActiveRow>6</ActiveRow>
     <ActiveCol>1</ActiveCol>
    </Pane>
   </Panes>
   <ProtectObjects>False</ProtectObjects>
   <ProtectScenarios>False</ProtectScenarios>
  </WorksheetOptions>
 </Worksheet>
 <Worksheet ss:Name="Administration">
  <Table ss:ExpandedColumnCount="4" ss:ExpandedRowCount="21" x:FullColumns="1"
   x:FullRows="1" ss:DefaultRowHeight="12.5">
   <Column ss:AutoFitWidth="0" ss:Width="124" ss:Span="1"/>
   <Column ss:Index="3" ss:AutoFitWidth="0" ss:Width="112"/>
   <Column ss:AutoFitWidth="0" ss:Width="98.5"/>
   <Row ss:Height="15.5">
    <Cell ss:StyleID="s63"><Data ss:Type="String">View - Employee Card - MR ∙ Morten ∙ Rasmussen</Data></Cell>
   </Row>
   <Row ss:Height="14">
    <Cell ss:StyleID="s64"><Data ss:Type="String">Administration</Data></Cell>
   </Row>
   <Row ss:Height="13.5">
    <Cell ss:StyleID="s65"><Data ss:Type="String">Employment Date</Data></Cell>
    <Cell ss:StyleID="s68"><Data ss:Type="DateTime">1996-03-01T00:00:00.000</Data></Cell>
   </Row>
   <Row ss:Height="13.5">
    <Cell ss:StyleID="s65"/>
    <Cell ss:StyleID="s66"/>
   </Row>
   <Row ss:Height="13.5">
    <Cell ss:StyleID="s65"><Data ss:Type="String">Status</Data></Cell>
    <Cell ss:StyleID="s66"><Data ss:Type="String">Active</Data></Cell>
   </Row>
   <Row ss:Height="13.5">
    <Cell ss:StyleID="s65"/>
    <Cell ss:StyleID="s66"/>
   </Row>
   <Row ss:Height="13.5">
    <Cell ss:StyleID="s65"><Data ss:Type="String">Inactive Date</Data></Cell>
    <Cell ss:StyleID="s67"/>
   </Row>
   <Row ss:Height="13.5">
    <Cell ss:StyleID="s65"/>
    <Cell ss:StyleID="s66"/>
   </Row>
   <Row ss:Height="13.5">
    <Cell ss:StyleID="s65"><Data ss:Type="String">Cause of Inactivity Code</Data></Cell>
    <Cell ss:StyleID="s66"><Data ss:Type="String"></Data></Cell>
   </Row>
   <Row ss:Height="13.5">
    <Cell ss:StyleID="s65"/>
    <Cell ss:StyleID="s66"/>
   </Row>
   <Row ss:Height="13.5">
    <Cell ss:StyleID="s65"><Data ss:Type="String">Termination Date</Data></Cell>
    <Cell ss:StyleID="s67"/>
   </Row>
   <Row ss:Height="13.5">
    <Cell ss:StyleID="s65"/>
    <Cell ss:StyleID="s66"/>
   </Row>
   <Row ss:Height="13.5">
    <Cell ss:StyleID="s65"><Data ss:Type="String">Grounds for Term. Code</Data></Cell>
    <Cell ss:StyleID="s66"><Data ss:Type="String"></Data></Cell>
   </Row>
   <Row ss:Height="13.5">
    <Cell ss:StyleID="s65"/>
    <Cell ss:StyleID="s66"/>
   </Row>
   <Row ss:Height="13.5">
    <Cell ss:StyleID="s65"><Data ss:Type="String">Emplymt. Contract Code</Data></Cell>
    <Cell ss:StyleID="s66"><Data ss:Type="String">PROD</Data></Cell>
   </Row>
   <Row ss:Height="13.5">
    <Cell ss:StyleID="s65"/>
    <Cell ss:StyleID="s66"/>
   </Row>
   <Row ss:Height="13.5">
    <Cell ss:StyleID="s65"><Data ss:Type="String">Statistics Group Code</Data></Cell>
    <Cell ss:StyleID="s66"><Data ss:Type="String">14DAGE</Data></Cell>
   </Row>
   <Row ss:Height="13.5">
    <Cell ss:StyleID="s65"/>
    <Cell ss:StyleID="s66"/>
   </Row>
   <Row ss:Height="13.5">
    <Cell ss:StyleID="s65"><Data ss:Type="String">Resource No.</Data></Cell>
    <Cell ss:StyleID="s66"><Data ss:Type="String"></Data></Cell>
   </Row>
   <Row ss:Height="13.5">
    <Cell ss:StyleID="s65"/>
    <Cell ss:StyleID="s66"/>
   </Row>
   <Row ss:Height="13.5">
    <Cell ss:StyleID="s65"><Data ss:Type="String">Salespers./Purch. Code</Data></Cell>
    <Cell ss:StyleID="s66"><Data ss:Type="String">MR</Data></Cell>
   </Row>
  </Table>
  <WorksheetOptions xmlns="urn:schemas-microsoft-com:office:excel">
   <Panes>
    <Pane>
     <Number>3</Number>
     <ActiveRow>6</ActiveRow>
     <ActiveCol>1</ActiveCol>
    </Pane>
   </Panes>
   <ProtectObjects>False</ProtectObjects>
   <ProtectScenarios>False</ProtectScenarios>
  </WorksheetOptions>
 </Worksheet>
 <Worksheet ss:Name="Personal">
  <Table ss:ExpandedColumnCount="4" ss:ExpandedRowCount="9" x:FullColumns="1"
   x:FullRows="1" ss:DefaultRowHeight="12.5">
   <Column ss:AutoFitWidth="0" ss:Width="124" ss:Span="1"/>
   <Column ss:Index="3" ss:AutoFitWidth="0" ss:Width="112"/>
   <Column ss:AutoFitWidth="0" ss:Width="98.5"/>
   <Row ss:Height="15.5">
    <Cell ss:StyleID="s63"><Data ss:Type="String">View - Employee Card - MR ∙ Morten ∙ Rasmussen</Data></Cell>
   </Row>
   <Row ss:Height="14">
    <Cell ss:StyleID="s64"><Data ss:Type="String">Personal</Data></Cell>
   </Row>
   <Row ss:Height="13.5">
    <Cell ss:StyleID="s65"><Data ss:Type="String">Birth Date</Data></Cell>
    <Cell ss:StyleID="s68"><Data ss:Type="DateTime">1949-05-07T00:00:00.000</Data></Cell>
   </Row>
   <Row ss:Height="13.5">
    <Cell ss:StyleID="s65"/>
    <Cell ss:StyleID="s66"/>
   </Row>
   <Row ss:Height="13.5">
    <Cell ss:StyleID="s65"><Data ss:Type="String">Social Security No.</Data></Cell>
    <Cell ss:StyleID="s66"><Data ss:Type="String">0705491679</Data></Cell>
   </Row>
   <Row ss:Height="13.5">
    <Cell ss:StyleID="s65"/>
    <Cell ss:StyleID="s66"/>
   </Row>
   <Row ss:Height="13.5">
    <Cell ss:StyleID="s65"><Data ss:Type="String">Union Code</Data></Cell>
    <Cell ss:StyleID="s66"><Data ss:Type="String">PRODF</Data></Cell>
   </Row>
   <Row ss:Height="13.5">
    <Cell ss:StyleID="s65"/>
    <Cell ss:StyleID="s66"/>
   </Row>
   <Row ss:Height="13.5">
    <Cell ss:StyleID="s65"><Data ss:Type="String">Union Membership No.</Data></Cell>
    <Cell ss:StyleID="s66"><Data ss:Type="String">234654-631</Data></Cell>
   </Row>
  </Table>
  <WorksheetOptions xmlns="urn:schemas-microsoft-com:office:excel">
   <Panes>
    <Pane>
     <Number>3</Number>
     <ActiveRow>6</ActiveRow>
     <ActiveCol>1</ActiveCol>
    </Pane>
   </Panes>
   <ProtectObjects>False</ProtectObjects>
   <ProtectScenarios>False</ProtectScenarios>
  </WorksheetOptions>
 </Worksheet>
</Workbook>
